Date,Content
2022-06-30,https://boxd.it/2VxnoZ
2022-06-30,https://boxd.it/2Xhhdx
2022-06-30,https://boxd.it/2UYICt
2022-06-30,https://boxd.it/2OATT9
2022-06-30,https://boxd.it/2WlylH
2022-07-06,https://boxd.it/1edzQL
2022-07-21,https://boxd.it/1iMbLD
2022-07-21,https://boxd.it/1iB76f
2022-07-21,https://boxd.it/1jsVER
2022-07-21,https://boxd.it/1EuJl7
2022-07-21,https://boxd.it/1odMTX
2022-07-21,https://boxd.it/2UmBgp
2022-07-21,https://boxd.it/1jolDZ
2022-07-22,https://boxd.it/1lfhN7
2022-07-22,https://boxd.it/1PgyeP
2022-07-22,https://boxd.it/1QAoIJ
2022-07-25,https://boxd.it/2VUGC3
2022-07-25,https://boxd.it/2XBAct
2022-07-25,https://boxd.it/2VU82F
2022-07-26,https://boxd.it/2gmRwj
2022-07-27,https://boxd.it/2UEB79
2022-07-27,https://boxd.it/2VPkyN
2022-08-04,https://boxd.it/34RGWx
2022-09-24,https://boxd.it/3csIWL
2022-09-24,https://boxd.it/35qFJR
2022-09-30,https://boxd.it/3fsRNl
2022-11-21,https://boxd.it/3lkYRx
2022-11-21,https://boxd.it/3lsiWr
2022-11-21,https://boxd.it/3lxo4v
2022-11-26,https://boxd.it/3rUE1n
2023-03-08,https://boxd.it/3Gei1B
2023-03-08,https://boxd.it/3Jwz7z
2023-03-08,https://boxd.it/3Ju5R9
2023-03-08,https://boxd.it/3IvlMR
2023-03-08,https://boxd.it/3LaveF
2023-03-08,https://boxd.it/3JwXc9
2023-03-08,https://boxd.it/3MsilN
2023-03-08,https://boxd.it/3TVTQ5
2023-04-07,https://boxd.it/3zpZ0P
2023-04-07,https://boxd.it/3DOyi9
2023-04-07,https://boxd.it/2FnuVd
2023-04-07,https://boxd.it/2FwuEf
2023-06-17,https://boxd.it/1wgYaN
2023-06-17,https://boxd.it/2Dlm7H
2023-06-18,https://boxd.it/4mrcRF
2023-07-21,https://boxd.it/4vdVij
2023-07-21,https://boxd.it/4wfV6F
2023-07-22,https://boxd.it/4yeLEj
2023-07-22,https://boxd.it/4xDcit
2023-08-23,https://boxd.it/vcioj
2023-12-13,https://boxd.it/5fpLXz
